[
  {"北京": {
        "color":["#37a2da","#ffd85c"],
        "num" :["15","15"],
        "value":["1280","1140","800","640","882","1200","1100","1400"],
        "data":["我不知道","我真不知道","欠费","电磁干扰","光干扰","信号异常","数据包异常"],
        "data1":["我不知道","我真不知道","欠费","电磁干扰","光干扰","信号异常","数据包异常"],
        "color1":["#f845f1","#ad46f3","#5045f6","#4777f5","#44aff0","#45dbf7","#f6d54a","#f69846"],
        "color2":["#e54035"],
        "data2":[123, 60, 25, 18, 12, 9],
        "value1":[123, 60, 25, 18, 12, 9],
        "color3":["rgba(255,37,117,0.7)","rgba(0,255,252,0.7)","rgba(0,255,252,0.3)"],
        "data3":[100,33,40,100],
        "data4":[24,2,36,6],
        "data5":[4,6,8,8],
        "num1":[10,10],
        "ver":["这是一条待处理报警信息","!!!!!!!!","!!!!!!!!!","收到  一条报警信息"],
        "add":["悦龙台1号楼","悦龙台2号楼","悦龙台3号楼","悦龙台4号楼","悦龙台5号楼"],
        "number":[84,84,56,84,100],
        "adder":["灞桥三路","灞桥三路","灞桥三路","灞桥三路","灞桥三路"],
        "ting":["连接错误","链接成功","链接成功","链接成功","链接成功"]
  }
  },

    {"河南":  {
      "color":["#3456aa","#7899bb"],
      "num" :["30","10"],
      "value":["800","900","1000","640","800","1200","1200","1400"],
      "data":["我不知道","我真不知道","欠费","电磁干扰","光干扰","信号异常","数据包异常"],
      "data1":["我不知道","我真不知道","欠费","电磁干扰","光干扰","信号异常","数据包异常"],
      "color1":["#1445f1","#5546f3","#5045f6","#4177f5","#33aff0","#45dbf7","#16d54a","#769846"],
      "color2":["#8E236B"],
      "data2":[100, 120, 42, 28, 23,12],
      "value1":[100, 120, 42, 18, 12, 9],
      "color3":["rgba(255,37,117,0.7)","rgba(0,255,252,0.7)","rgba(0,255,252,0.3)"],
      "data3":[100,33,40,100],
      "data4":[12,2,16,6],
      "data5":[18,16,28,18],
      "num1":[10,10],
      "ver":["..........","!!!!!!!!","!!!!!!!!!","收到  0000"],
      "add":["天津1路","天津1路","天津1路","天津1路","天津1路"],
      "number":[84,84,56,84,100],
      "adder":["天津1路","天津1路","天津1路","天津1路","天津1路"],
      "ting":["连接错误","链接成功","链接成功","链接成功","链接成功"]
    }
    },
    {"四川":  {
      "color":["#4c4f4f","#dc555d"],
      "num" :["30","10"],
      "value":["1180","1540","800","640","882","280","1400","800"],
      "data":["我不知道","我真不知道","欠费","电磁干扰","光干扰","信号异常","数据包异常"],
      "data1":["我不知道","我真不知道","欠费","电磁干扰","光干扰","信号异常","数据包异常"],
      "color1":["#2245f1","#1146f3","#5045f6","#1777f5","#44aff0","#45d0f7","#f6554a","#169846"],
      "color2":["#00FFFF"],
      "data2":[160, 140, 95, 36, 62, 39],
      "value1":[123, 60, 25, 18, 12, 9],
      "color3":["rgba(255,37,117,0.7)","rgba(0,255,252,0.7)","rgba(0,255,252,0.3)"],
      "data3":[100,33,40,100],
      "data4":[14,21,16,6],
      "data5":[24,6,18,8],
      "num1":[10,10],
      "ver":["4444444","!!!!!!!!","!!!!!!!!!","3333333"],
      "add":["浦江1区","浦江1区","浦江1区","浦江1区","浦江1区"],
      "number":[84,84,56,84,100],
      "adder":["浦江1区","浦江1区","浦江1区","浦江1区","浦江1区"],
      "ting":["连接错误","链接成功","链接成功","链接成功","链接成功"]
    }
    },
    {"广东": {
        "color":["#37429d","#50d85c"],
        "num" :["45","5"],
        "value":["700","600","400","360","562","200","1100","1200"],
        "data":["我不知道","我真不知道","欠费","电磁干扰","光干扰","信号异常","数据包异常"],
        "data1":["我不知道","我真不知道","欠费","电磁干扰","光干扰","信号异常","数据包异常"],
        "color1":["#f845f1","#ad46f3","#5045f6","#4777f5","#44aff0","#45dbf7","#f6d54a","#f69846"],
        "color2":["#38B0DE"],
        "data2":[143, 120, 125, 118, 82, 49],
        "value1":[123, 60, 25, 18, 12, 9],
        "color3":["rgba(255,37,117,0.7)","rgba(0,255,252,0.7)","rgba(0,255,252,0.3)"],
        "data3":[100,33,40,100],
        "data4":[14,2,16,6],
        "data5":[32,16,8,18],
        "num1":[10,10],
        "ver":["这是一条待处理报警信息","........",".........","收到  一条报警信息"],
        "add":["石家庄1路","石家庄1路","石家庄1路","石家庄1路","石家庄1路"],
        "number":[84,84,56,84,100],
        "adder":["石家庄1路","石家庄1路","石家庄1路","石家庄1路","石家庄1路"],
        "ting":["连接错误","链接成功","链接成功","链接成功","链接成功"]
    }
      },
    {"山东":  {
      "color":["#32224a","#55585c"],
      "num" :["7","40"],
      "value":["680","940","500","440","882","1800","1100","1300"],
      "data":["我不知道","我真不知道","欠费","电磁干扰","光干扰","信号异常","数据包异常"],
      "data1":["我不知道","我真不知道","欠费","电磁干扰","光干扰","信号异常","数据包异常"],
      "color1":["#1045f1","#2046f3","#3045f6","#4777f5","#54aff0","#65dbf7","#70d54a","#869846"],
      "color2":["#00FF7F"],
      "data2":[110, 120, 125, 78, 42, 39],
      "value1":[123, 60, 25, 18, 12, 9],
      "color3":["rgba(255,37,117,0.7)","rgba(0,255,252,0.7)","rgba(0,255,252,0.3)"],
      "data3":[100,33,40,100],
      "data4":[24,12,16,6],
      "data5":[24,16,8,4],
      "num1":[10,10],
      "ver":["无信息服务","!!!!!!!!","!!!!!!!!!","无信息服务"],
      "add":["山西1路","山西1路","山西1路","山西1路","山西1路"],
      "number":[84,84,56,84,100],
      "adder":["山西1路","山西1路","山西1路","山西1路","山西1路"],
      "ting":["连接错误","链接成功","链接成功","链接成功","链接成功"]
    }
    },
    {"湖北": {
      "color":["#3ae33a","#33385c"],
      "num" :["40","10"],
      "value":["1780","740","650","840","1282","1000","1500","1400"],
      "data":["我不知道","我真不知道","欠费","电磁干扰","光干扰","信号异常","数据包异常"],
      "data1":["我不知道","我真不知道","欠费","电磁干扰","光干扰","信号异常","数据包异常"],
      "color1":["#1845f1","#1d46f3","#3045f6","#5777f5","#74aff0","#45dbf7","#96d54a","#069846"],
      "color2":["#00009C"],
      "data2":[83, 110, 55, 48, 32, 19],
      "value1":[123, 60, 25, 18, 12, 9],
      "color3":["rgba(255,37,117,0.7)","rgba(0,255,252,0.7)","rgba(0,255,252,0.3)"],
      "data3":[100,33,40,100],
      "data4":[24,12,16,26],
      "data5":[24,16,8,4],
      "num1":[10,10],
      "ver":["无信息服务","!!!!!!!!","。。。。。。。。。。","收到  一条报警信息"],
      "add":["内蒙古11号","内蒙古11号","内蒙古11号","内蒙古11号","内蒙古11号"],
      "number":[84,84,56,84,100],
      "adder":["内蒙古11号","内蒙古11号","内蒙古11号","内蒙古11号","内蒙古11号"],
      "ting":["连接错误","链接成功","链接成功","链接成功","链接成功"]
    }
    },
    {"福建": {
      "color":["#37tpda","#44d85c"],
      "num" :["15","15"],
      "value":["1280","1240","1100","440","662","1100","1600","400"],
      "data":["我不知道","我真不知道","欠费","电磁干扰","光干扰","信号异常","数据包异常"],
      "data1":["我不知道","我真不知道","欠费","电磁干扰","光干扰","信号异常","数据包异常"],
      "color1":["#1145f1","#3346f3","#2245f6","#5577f5","#77aff0","#45dbf7","#11d54a","#069846"],
      "color2":["#7FF00"],
      "data2":[123, 120, 105, 118, 62, 79],
      "value1":[123, 60, 25, 18, 12, 9],
      "color3":["rgba(255,37,117,0.7)","rgba(0,255,252,0.7)","rgba(0,255,252,0.3)"],
      "data3":[100,33,40,100],
      "data4":[14,22,16,26],
      "data5":[33,26,18,8],
      "num1":[10,10],
      "ver":["无信息服务","。。。。。。。","********","收到  一条报警信息"],
      "add":["福建三路","福建三路","福建三路","福建三路","福建三路"],
      "number":[84,84,56,84,100],
      "adder":["福建三路","福建三路","福建三路","福建三路","福建三路"],
      "ting":["没事别连我","楼上说的对","二楼我儿子","我是你爸爸","楼上都智障"]
    }
    },
     {"湖南":  {
      "color":["#89a2da","#75d85c"],
      "num" :["25","7"],
      "value":["1110","1540","1200","120","1482","600","800","1000"],
      "data":["我不知道","我真不知道","欠费","电磁干扰","光干扰","信号异常","数据包异常"],
      "data1":["我不知道","我真不知道","欠费","电磁干扰","光干扰","信号异常","数据包异常"],
      "color1":["#4045f1","#9046f3","#5045f6","#2077f5","#14aff0","#05dbf7","#16d54a","#769846"],
      "color2":["#FF7F00"],
      "data2":[123, 120, 45, 18, 32, 19],
      "value1":[123, 60, 25, 18, 12, 9],
      "color3":["rgba(255,37,117,0.7)","rgba(0,255,252,0.7)","rgba(0,255,252,0.3)"],
      "data3":[100,33,40,100],
      "data4":[14,12,26,6],
      "data5":[4,6,4,8],
      "num1":[10,10],
      "ver":["我是产品经理","*********","￥￥￥￥￥￥","收到  一条报警信息"],
      "add":["湖南1路","湖南1路","湖南1路","湖南1路","湖南1路"],
      "number":[84,84,56,84,100],
      "adder":["湖南1路","湖南1路","湖南1路","湖南1路","湖南1路"],
      "ting":["连接错误","链接成功","链接成功","链接成功","链接成功"]
    }
    },
    {"浙江": {
      "color":["#3755da","#8dd85c"],
      "num" :["5","10"],
      "value":["480","640","800","640","882","1200","1100","1500"],
      "data":["我不知道","我真不知道","欠费","电磁干扰","光干扰","信号异常","数据包异常"],
      "data1":["我不知道","我真不知道","欠费","电磁干扰","光干扰","信号异常","数据包异常"],
      "color1":["#0245f1","#0346f3","#0445f6","#0577f5","#06aff0","#60dbf7","#56d54a","#169846"],
      "color2":["#FF00FF"],
      "data2":[123, 120, 45, 58, 62, 49],
      "value1":[123, 60, 25, 18, 12, 9],
      "color3":["rgba(255,37,117,0.7)","rgba(0,255,252,0.7)","rgba(0,255,252,0.3)"],
      "data3":[100,33,40,100],
      "data4":[14,12,26,16],
      "data5":[14,6,8,8],
      "num1":[10,10],
      "ver":["我是产品经理","我是程序员","我是ui设计师","收到  一条报警信息"],
      "add":["浙江1路","浙江1路","浙江1路","浙江1路","浙江1路"],
      "number":[84,84,56,84,100],
      "adder":["浙江1路","浙江1路","浙江1路","浙江1路","浙江1路"],
      "ting":["连接错误","链接成功","链接成功","链接成功","链接成功"]
    }
    },
    {"安徽":  {
      "color":["#337ada","#f89a5c"],
      "num" :["1","10"],
      "value":["580","640","700","840","1200","900","800","700"],
      "data":["我不知道","我真不知道","欠费","电磁干扰","光干扰","信号异常","数据包异常"],
      "data1":["我不知道","我真不知道","欠费","电磁干扰","光干扰","信号异常","数据包异常"],
      "color1":["#2245f1","#5046f3","#2245f6","#6977f5","#44af00","#45dbf1","#f6554a","#e69846"],
      "color2":["#FF0000"],
      "data2":[83, 60, 45, 68, 52, 79],
      "value1":[123, 60, 25, 18, 12, 9],
      "color3":["rgba(255,37,117,0.7)","rgba(0,255,252,0.7)","rgba(0,255,252,0.3)"],
      "data3":[100,33,40,100],
      "data4":[14,2,16,6],
      "data5":[14,16,28,18],
      "num1":[10,10],
      "ver":["我是爸爸","我是妈妈","我是儿子","我是孙子"],
      "add":["安徽一路","安徽一路","安徽一路","安徽一路","安徽一路"],
      "number":[84,84,56,84,100],
      "adder":["安徽一路","安徽一路","安徽一路","安徽一路","安徽一路"],
      "ting":["连接错误","链接成功","链接成功","链接成功","链接成功"]
    }
    },
     {"河北":  {
      "color":["#37q3da","#f5895c"],
      "num" :["15","50"],
      "value":["480","540","600","740","882","900","1000","1200"],
      "data":["我不知道","我真不知道","欠费","电磁干扰","光干扰","信号异常","数据包异常"],
      "data1":["我不知道","我真不知道","欠费","电磁干扰","光干扰","信号异常","数据包异常"],
      "color1":["#4845f1","#a046f3","#5045f6","#4007f5","#4456f0","#45dbf7","#78d54a","#056846"],
      "color2":["#70DBDB"],
      "data2":[123, 120, 45, 55, 42, 29],
      "value1":[123, 60, 25, 18, 12, 9],
      "color3":["rgba(255,37,117,0.7)","rgba(0,255,252,0.7)","rgba(0,255,252,0.3)"],
      "data3":[100,33,40,100],
      "data4":[14,21,16,6],
      "data5":[4,6,8,8],
      "num1":[10,10],
      "ver":["错误信息","信息错误","错误错误","收到  一条报警信息"],
      "add":["河北一路","河北一路","河北一路","河北一路","河北一路"],
      "number":[84,84,56,84,100],
      "adder":["河北一路","河北一路","河北一路","河北一路","河北一路"],
      "ting":["别连了","连不上的","无用的挣扎","我不会写接口啊","彼此彼此"]
    }
    },
    {"江苏": {
      "color":["#37a336","#f4585c"],
      "num" :["40","10"],
      "value":["1180","840","700","640","982","800","700","600"],
      "data":["我不知道","我真不知道","欠费","电磁干扰","光干扰","信号异常","数据包异常"],
      "data1":["我不知道","我真不知道","欠费","电磁干扰","光干扰","信号异常","数据包异常"],
      "color1":["#8845f1","#6646f3","#4445f6","#e777f5","#44a1f0","#e5dbf7","#06d54a","#569846"],
      "color2":["#6B238E"],
      "data2":[123, 60, 25, 18, 12, 59],
      "value1":[123, 60, 25, 18, 12, 9],
      "color3":["rgba(255,37,117,0.7)","rgba(0,255,252,0.7)","rgba(0,255,252,0.3)"],
      "data3":[100,33,40,100],
      "data4":[14,22,16,6],
      "data5":[14,16,28,8],
      "num1":[10,10],
      "ver":["想知道怎么错了吗","!!!!!!!!","!!!!!!!!!","不给你说"],
      "add":["江苏1路","江苏1路","江苏1路","江苏1路","江苏1路"],
      "number":[84,84,56,84,100],
      "adder":["江苏1路","江苏1路","江苏1路","江苏1路","江苏1路"],
      "ting":["连接错误","链接成功","链接成功","链接成功","链接成功"]
    }
    },
    {"江西": {
      "color":["#aaa2da","#bas85c"],
      "num" :["22","44"],
      "value":["720","820","920","660","762","1600","1000","1200"],
      "data":["我不知道","我真不知道","欠费","电磁干扰","光干扰","信号异常","数据包异常"],
      "data1":["我不知道","我真不知道","欠费","电磁干扰","光干扰","信号异常","数据包异常"],
      "color1":["#1045f1","#2046f3","#4445f6","#3377f5","#44a660","#45dff7","#f6d500","#e39846"],
      "color2":["#CC3299"],
      "data2":[123, 110, 85, 68, 52, 39],
      "value1":[123, 60, 25, 18, 12, 9],
      "color3":["rgba(255,37,117,0.7)","rgba(0,255,252,0.7)","rgba(0,255,252,0.3)"],
      "data3":[100,33,40,100],
      "data4":[24,22,26,6],
      "data5":[4,6,28,18],
      "num1":[10,10],
      "ver":["！！！！！！","+++++++++","————————————","快乐吗"],
      "add":["江西一路","江西一路","江西一路","江西一路","江西一路"],
      "number":[84,84,56,84,100],
      "adder":["江西一路","江西一路","江西一路","江西一路","江西一路"],
      "ting":["连接错误","链接成功","链接成功","链接成功","链接成功"]
    }
    },
    {"重庆":  {
      "color":["#4582da","#88885c"],
      "num" :["25","10"],
      "value":["580","840","1000","740","882","900","800","700"],
      "data":["我不知道","我真不知道","欠费","电磁干扰","光干扰","信号异常","数据包异常"],
      "data1":["我不知道","我真不知道","欠费","电磁干扰","光干扰","信号异常","数据包异常"],
      "color1":["#f84511","#a046f3","#5045f6","#4777f5","#44aff0","#4500f7","#f0054a","#449846"],
      "color2":["#99CC32"],
      "data2":[152, 100, 125, 118, 112, 79],
      "value1":[123, 60, 25, 18, 12, 9],
      "color3":["rgba(255,37,117,0.7)","rgba(0,255,252,0.7)","rgba(0,255,252,0.3)"],
      "data3":[100,33,40,100],
      "data4":[14,22,16,6],
      "data5":[4,16,8,8],
      "num1":[10,10],
      "ver":["世事不可强求","快乐长存","死亡如风","常伴吾身"],
      "add":["重庆一路","重庆一路","重庆一路","重庆一路","重庆一路"],
      "number":[84,84,56,84,100],
      "adder":["重庆一路","重庆一路","重庆一路","重庆一路","重庆一路"],
      "ting":["连接错误","链接成功","链接成功","链接成功","链接成功"]
    }
    },
    {"云南":  {
      "color":["#899227","#14985c"],
      "num" :["23","10"],
      "value":["780","840","900","1040","882","1000","1100","1300"],
      "data":["我不知道","我真不知道","欠费","电磁干扰","光干扰","信号异常","数据包异常"],
      "data1":["我不知道","我真不知道","欠费","电磁干扰","光干扰","信号异常","数据包异常"],
      "color1":["#1845f1","#a046f3","#5045f6","#4777f5","#44a0f0","#10dbf7","#77d54a","#569846"],
      "color2":["#FF2400"],
      "data2":[123, 140, 125, 38, 32, 19],
      "value1":[123, 60, 25, 18, 12, 9],
      "color3":["rgba(255,37,117,0.7)","rgba(0,255,252,0.7)","rgba(0,255,252,0.3)"],
      "data3":[100,33,40,100],
      "data4":[24,12,26,6],
      "data5":[14,16,8,8],
      "num1":[10,10],
      "ver":["要来一发吗","++++++","=======","收到  一条报警信息"],
      "add":["悦龙台1号楼","悦龙台2号楼","悦龙台3号楼","悦龙台4号楼","悦龙台5号楼"],
      "number":[84,84,56,84,100],
      "adder":["云南一路","云南一路","云南一路","云南一路","云南一路"],
      "ting":["连接错误","链接成功","链接成功","链接成功","链接成功"]
    }
    },
    {"吉林":  {
      "color":["#6456da","#f98e5c"],
      "num" :["41","5"],
      "value":["1480","1540","700","640","982","1100","1200","1300"],
      "data":["我不知道","我真不知道","欠费","电磁干扰","光干扰","信号异常","数据包异常"],
      "data1":["我不知道","我真不知道","欠费","电磁干扰","光干扰","信号异常","数据包异常"],
      "color1":["#4545f1","#1246f3","#3345f6","#9077f5","#78aff0","#45dbf7","#f6444a","#169846"],
      "color2":["#FF3333"],
      "data2":[133,60,25,48,32,29],
      "value1":[123, 60, 25, 18, 12, 9],
      "color3":["rgba(255,37,117,0.7)","rgba(0,255,252,0.7)","rgba(0,255,252,0.3)"],
      "data3":[100,33,40,100],
      "data4":[14,22,16,6],
      "data5":[4,6,18,28],
      "num1":[10,10],
      "ver":["看一看故事","!!!!!!!!","看一看故事","@@@@@@@click"],
      "add":["悦龙台1号楼","悦龙台2号楼","悦龙台3号楼","悦龙台4号楼","悦龙台5号楼"],
      "number":[84,84,56,84,100],
      "adder":["吉林一路","吉林一路","吉林一路","吉林一路","吉林一路"],
      "ting":["连接错误","链接成功","链接成功","链接成功","链接成功"]
    }
    },
    {"山西":  {
      "color":["#7552da","#4fd85c"],
      "num" :["55","4"],
      "value":["1580","1440","900","840","682","400","600","1000"],
      "data":["我不知道","我真不知道","欠费","电磁干扰","光干扰","信号异常","数据包异常"],
      "data1":["我不知道","我真不知道","欠费","电磁干扰","光干扰","信号异常","数据包异常"],
      "color1":["#9945f1","#1146f3","#e045f6","#4777f5","#f4aff0","#45dbf7","#f6d54a","#f69846"],
      "color2":["#FF0000"],
      "data2":[143, 120, 25, 48, 52, 8],
      "value1":[123, 60, 25, 18, 12, 9],
      "color3":["rgba(255,37,117,0.7)","rgba(0,255,252,0.7)","rgba(0,255,252,0.3)"],
      "data3":[100,33,40,100],
      "data4":[14,22,16,6],
      "data5":[4,16,18,28],
      "num1":[10,10],
      "ver":["写的好累啊","!!!!!!!!","!!!!!!!!!","真的好累啊"],
      "add":["悦龙台1号楼","悦龙台2号楼","悦龙台3号楼","悦龙台4号楼","悦龙台5号楼"],
      "number":[84,84,56,84,100],
      "adder":["山西一路","山西一路","山西一路","山西一路","山西一路"],
      "ting":["连接错误","链接成功","链接成功","链接成功","链接成功"]
    }
    },
    {"陕西":  {
      "color":["#77a2da","#56d85c"],
      "num" :["15","15"],
      "value":["1180","1140","800","640","882","600","800","1000"],
      "data":["我不知道","我真不知道","欠费","电磁干扰","光干扰","信号异常","数据包异常"],
      "data1":["我不知道","我真不知道","欠费","电磁干扰","光干扰","信号异常","数据包异常"],
      "color1":["#ffe5f1","#ee46f3","#5045f6","#47e7f5","#44aff0","#45dbf7","#f6d5ff","#e69846"],
      "color2":["#FF3333"],
      "data2":[123, 110, 125, 118, 112, 49],
      "value1":[123, 60, 25, 18, 12, 9],
      "color3":["rgba(255,37,117,0.7)","rgba(0,255,252,0.7)","rgba(0,255,252,0.3)"],
      "data3":[100,33,40,100],
      "data4":[14,22,26,6],
      "data5":[24,6,8,8],
      "num1":[10,10],
      "ver":["这是一条待处理报警信息","!!!!!!!!","!!!!!!!!!","收到  一条报警信息"],
      "add":["悦龙台1号楼","悦龙台2号楼","悦龙台3号楼","悦龙台4号楼","悦龙台5号楼"],
      "number":[84,84,56,84,100],
      "adder":["灞桥三路","灞桥三路","灞桥三路","灞桥三路","灞桥三路"],
      "ting":["连接错误","链接成功","链接成功","链接成功","链接成功"]
    }
    },
   {"辽宁":  {
      "color":["#88a2da","#43d85c"],
      "num" :["4","19"],
      "value":["880","640","800","640","902","1100","1100","1200"],
      "data":["我不知道","我真不知道","欠费","电磁干扰","光干扰","信号异常","数据包异常"],
      "data1":["我不知道","我真不知道","欠费","电磁干扰","光干扰","信号异常","数据包异常"],
      "color1":["#384561","#334693","#6045f6","#4777f5","#44a9f0","#45d3f7","#f6d64a","#e62846"],
      "color2":["#FF66CC"],
      "data2":[133, 80, 75, 68, 52, 49],
      "value1":[123, 60, 25, 18, 12, 9],
      "color3":["rgba(255,37,117,0.7)","rgba(0,255,252,0.7)","rgba(0,255,252,0.3)"],
      "data3":[100,33,40,100],
      "data4":[4,2,6,6],
      "data5":[14,16,28,8],
      "num1":[10,10],
      "ver":["一个小小小鸟","！！！！！！","（（（（（（（（","）））））））））"],
      "add":["悦龙台1号楼","悦龙台2号楼","悦龙台3号楼","悦龙台4号楼","悦龙台5号楼"],
      "number":[84,84,56,84,100],
      "adder":["辽宁一路","辽宁一路","辽宁一路","辽宁一路","辽宁一路"],
      "ting":["连接错误","链接成功","链接成功","链接成功","链接成功"]
    }
    },
    {"新疆":  {
      "color":["#9952da","#85285c"],
      "num" :["5","4"],
      "value":["1080","1040","500","440","882","900","800","700"],
      "data":["我不知道","我真不知道","欠费","电磁干扰","光干扰","信号异常","数据包异常"],
      "data1":["我不知道","我真不知道","欠费","电磁干扰","光干扰","信号异常","数据包异常"],
      "color1":["#1845f1","#4546f3","#4045f6","#4777f5","#44a990","#4500f7","#76d54a","#e69846"],
      "color2":["#FF00CC"],
      "data2":[143, 110, 75, 48, 62, 79],
      "value1":[123, 60, 25, 18, 12, 9],
      "color3":["rgba(255,37,117,0.7)","rgba(0,255,252,0.7)","rgba(0,255,252,0.3)"],
      "data3":[100,33,40,100],
      "data4":[14,22,16,6],
      "data5":[4,16,28,18],
      "num1":[10,10],
      "ver":["00000000","}}}}}}}","!!!!!!!!!","!!!!!!!!"],
      "add":["新疆1号楼","新疆1号楼","新疆1号楼","新疆1号楼","新疆1号楼"],
      "number":[84,84,56,84,100],
      "adder":["新疆三路","新疆三路","新疆三路","新疆三路","新疆三路"],
      "ting":["连接错误","链接成功","链接成功","链接成功","链接成功"]
    }
    },
    {"黑龙江":  {
      "color":["#7852da","#45685c"],
      "num" :["8","12"],
      "value":["1550","1140","800","640","882","1100","1100","1300"],
      "data":["我不知道","我真不知道","欠费","电磁干扰","光干扰","信号异常","数据包异常"],
      "data1":["我不知道","我真不知道","欠费","电磁干扰","光干扰","信号异常","数据包异常"],
      "color1":["#f866f1","#ad47f3","#5045f6","#4444f5","#44af70","#4555f7","#f6d54a","#f69846"],
      "color2":["#9900CC"],
      "data2":[143, 110, 125, 78, 62, 59],
      "value1":[123, 60, 25, 18, 12, 9],
      "color3":["rgba(255,37,117,0.7)","rgba(0,255,252,0.7)","rgba(0,255,252,0.3)"],
      "data3":[100,33,40,100],
      "data4":[24,22,16,6],
      "data5":[4,16,8,18],
      "num1":[10,10],
      "ver":["这是一条待处理报警信息","!!!!!!!!","!!!!!!!!!","收到  一条报警信息"],
      "add":["黑龙江1号楼","黑龙江1号楼","黑龙江1号楼","黑龙江1号楼","黑龙江1号楼"],
      "number":[84,84,56,84,100],
      "adder":["黑龙江一路","黑龙江一路","黑龙江一路","黑龙江一路","黑龙江一路"],
      "ting":["连接错误","链接成功","链接成功","链接成功","链接成功"]
    }
    },
    {"贵州":  {
      "color":["#4592da","#59985c"],
      "num" :["1","4"],
      "value":["1480","1140","500","940","882","1300","1200","1100"],
      "data":["我不知道","我真不知道","欠费","电磁干扰","光干扰","信号异常","数据包异常"],
      "data1":["我不知道","我真不知道","欠费","电磁干扰","光干扰","信号异常","数据包异常"],
      "color1":["#7745f1","#ae56f3","#504526","#477665","#44a770","#45db07","#6ff54a","#f68846"],
      "color2":["#9900FF"],
      "data2":[133, 60, 75, 58, 92, 89],
      "value1":[123, 60, 25, 18, 12, 9],
      "color3":["rgba(255,37,117,0.7)","rgba(0,255,252,0.7)","rgba(0,255,252,0.3)"],
      "data3":[100,33,40,100],
      "data4":[24,12,16,16],
      "data5":[4,16,8,8],
      "num1":[10,10],
      "ver":["这是一条待处理报警信息","!!!!!!!!","!!!!!!!!!","收到  一条报警信息"],
      "add":["贵州1号楼","贵州1号楼","贵州1号楼","贵州1号楼","贵州1号楼"],
      "number":[84,84,56,84,100],
      "adder":["贵州一路","贵州一路","贵州一路","贵州一路","贵州一路"],
      "ting":["连接错误","链接成功","链接成功","链接成功","链接成功"]
    }
    },
    {"广西": {
      "color":["#33a2da","#99d85c"],
      "num" :["15","5"],
      "value":["1290","1540","800","640","782","1200","1200","1300"],
      "data":["我不知道","我真不知道","欠费","电磁干扰","光干扰","信号异常","数据包异常"],
      "data1":["我不知道","我真不知道","欠费","电磁干扰","光干扰","信号异常","数据包异常"],
      "color1":["#f866f1","#a446f3","#504666","#4744f5","#45eff0","#45dbf7","#f6d33a","#f69846"],
      "color2":["#33FF33"],
      "data2":[143, 120, 55, 38, 42, 29],
      "value1":[123, 60, 25, 18, 12, 9],
      "color3":["rgba(255,37,117,0.7)","rgba(0,255,252,0.7)","rgba(0,255,252,0.3)"],
      "data3":[100,33,40,100],
      "data4":[24,22,16,16],
      "data5":[4,16,28,18],
      "num1":[10,10],
      "ver":["这是一条待处理报警信息","!!!!!!!!","!!!!!!!!!","收到  一条报警信息"],
      "add":["广西1号楼","广西2号楼","广西3号楼","广西4号楼","广西5号楼"],
      "number":[84,84,56,84,100],
      "adder":["广西三路","广西三路","广西三路","广西三路","广西三路"],
      "ting":["连接错误","链接成功","链接成功","链接成功","链接成功"]
    }
},
    {"甘肃":  {
      "color":["#36a2da","#5fd85c"],
      "num" :["7","5"],
      "value":["1480","1040","800","840","1882","1400","1800","1200"],
      "data":["我不知道","我真不知道","欠费","电磁干扰","光干扰","信号异常","数据包异常"],
      "data1":["我不知道","我真不知道","欠费","电磁干扰","光干扰","信号异常","数据包异常"],
      "color1":["#5545f1","#ad44f3","#505ff6","#4770f5","#44a0f0","#45bbf7","#f6d54a","#f69846"],
      "color2":["#99FF66"],
      "data2":[123, 90, 55, 38, 22, 19],
      "value1":[123, 60, 25, 18, 12, 9],
      "color3":["rgba(255,37,117,0.7)","rgba(0,255,252,0.7)","rgba(0,255,252,0.3)"],
      "data3":[100,33,40,100],
      "data4":[24,12,16,16],
      "data5":[4,26,8,28],
      "num1":[10,10],
      "ver":["这是一条待处理报警信息","!!!!!!!!","!!!!!!!!!","收到  一条报警信息"],
      "add":["广西1号楼","广西2号楼","广西3号楼","广西4号楼","广西5号楼"],
      "number":[84,84,56,84,100],
      "adder":["广西三路","广西三路","广西三路","广西三路","广西三路"],
      "ting":["连接错误","链接成功","链接成功","链接成功","链接成功"]
    }
    },
   {"内蒙古":  {
      "color":["#57a2da","#4fd85c"],
      "num" :["15","16"],
      "value":["1800","1740","900","640","882","1300","1500","1400"],
      "data":["我不知道","我真不知道","欠费","电磁干扰","光干扰","信号异常","数据包异常"],
      "data1":["我不知道","我真不知道","欠费","电磁干扰","光干扰","信号异常","数据包异常"],
      "color1":["#6e45f1","#5f46f3","#5000f6","#4007f5","#4422f0","#45dbf7","#f6d04a","#f64446"],
      "color2":["#00FF33"],
      "data2":[123, 110, 125, 118, 112, 59],
      "value1":[123, 60, 25, 18, 12, 9],
      "color3":["rgba(255,37,117,0.7)","rgba(0,255,252,0.7)","rgba(0,255,252,0.3)"],
      "data3":[100,33,40,100],
      "data4":[4,12,26,16],
      "data5":[4,26,28,28],
      "num1":[10,10],
      "ver":["这是一条待处理报警信息","!!!!!!!!","!!!!!!!!!","收到  一条报警信息"],
      "add":["内蒙古1号楼","内蒙古2号楼","内蒙古3号楼","内蒙古4号楼","内蒙古5号楼"],
      "number":[84,84,56,84,100],
      "adder":["内蒙古三路","内蒙古三路","内蒙古三路","内蒙古三路","内蒙古三路"],
      "ting":["连接错误","链接成功","链接成功","链接成功","链接成功"]
    }
    },
    {"天津":  {
      "color":["#37a2da","#9fd85c"],
      "num" :["4","90"],
      "value":["1280","1140","1200","1440","782","1300","1100","1300"],
      "data":["我不知道","我真不知道","欠费","电磁干扰","光干扰","信号异常","数据包异常"],
      "data1":["我不知道","我真不知道","欠费","电磁干扰","光干扰","信号异常","数据包异常"],
      "color1":["#2245f1","#a446f3","#5745f6","#4777f6","#444ff0","#45dbf7","#f6d24a","#f69346"],
      "color2":["#990099"],
      "data2":[143, 90, 85, 68, 45, 99],
      "value1":[123, 60, 25, 18, 12, 9],
      "color3":["rgba(255,37,117,0.7)","rgba(0,255,252,0.7)","rgba(0,255,252,0.3)"],
      "data3":[100,33,40,100],
      "data4":[6,8,8,16],
      "data5":[4,6,28,8],
      "num1":[10,10],
      "ver":["这是一条待处理报警信息","!!!!!!!!","!!!!!!!!!","收到  一条报警信息"],
      "add":["天津1号楼","天津2号楼","天津3号楼","天津4号楼","天津5号楼"],
      "number":[84,84,56,84,100],
      "adder":["天津三路","天津三路","天津三路","天津三路","天津三路"],
      "ting":["连接错误","链接成功","链接成功","链接成功","链接成功"]
    }
    },
    {"上海":  {
      "color":["#17a2da","#2fd85c"],
      "num" :["8","15"],
      "value":["1180","1140","1100","1140","1182","1200","1100","1200"],
      "data":["我不知道","我真不知道","欠费","电磁干扰","光干扰","信号异常","数据包异常"],
      "data1":["我不知道","我真不知道","欠费","电磁干扰","光干扰","信号异常","数据包异常"],
      "color1":["#f645f1","#ad4653","#504446","#477365","#44a0f0","#45dbf7","#f6d54a","#f69846"],
      "color2":["#33FF99"],
      "data2":[121, 70, 65, 58, 42, 29],
      "value1":[123, 60, 25, 18, 12, 9],
      "color3":["rgba(255,37,117,0.7)","rgba(0,255,252,0.7)","rgba(0,255,252,0.3)"],
      "data3":[100,33,40,100],
      "data4":[4,2,10,6],
      "data5":[4,26,18,8],
      "num1":[10,10],
      "ver":["这是一条待处理报警信息","!!!!!!!!","!!!!!!!!!","收到  一条报警信息"],
      "add":["上海1号楼","上海2号楼","上海3号楼","上海4号楼","上海5号楼"],
      "number":[84,84,56,84,100],
      "adder":["上海三路","上海三路","上海三路","上海三路","上海三路"],
      "ting":["连接错误","链接成功","链接成功","链接成功","链接成功"]
    }
    },
   {"宁夏":  {
      "color":["#67a2da","#8fd85c"],
      "num" :["15","11"],
      "value":["1280","1240","700","940","982","1700","1800","1200"],
      "data":["我不知道","我真不知道","欠费","电磁干扰","光干扰","信号异常","数据包异常"],
      "data1":["我不知道","我真不知道","欠费","电磁干扰","光干扰","信号异常","数据包异常"],
      "color1":["#f225f1","#ad4613","#5022f6","#4717f5","#41aff0","#45dbf7","#f6d04a","#f69006"],
      "color2":["#00FF33"],
      "data2":[163, 80, 55, 58, 52, 59],
      "value1":[123, 60, 25, 18, 12, 9],
      "color3":["rgba(255,37,117,0.7)","rgba(0,255,252,0.7)","rgba(0,255,252,0.3)"],
      "data3":[100,33,40,100],
      "data4":[14,12,26,6],
      "data5":[4,6,19,4],
      "num1":[10,10],
      "ver":["这是一条待处理报警信息","!!!!!!!!","!!!!!!!!!","收到  一条报警信息"],
      "add":["宁夏1号楼","宁夏2号楼","宁夏3号楼","宁夏4号楼","宁夏5号楼"],
      "number":[84,84,56,84,100],
      "adder":["宁夏三路","宁夏三路","宁夏三路","宁夏三路","宁夏三路"],
      "ting":["连接错误","链接成功","链接成功","链接成功","链接成功"]
    }
    },
   {"海南":  {
      "color":["#55a2da","#41d85c"],
      "num" :["15","12"],
      "value":["1280","1140","1200","1140","882","1200","1100","1200"],
      "data":["我不知道","我真不知道","欠费","电磁干扰","光干扰","信号异常","数据包异常"],
      "data1":["我不知道","我真不知道","欠费","电磁干扰","光干扰","信号异常","数据包异常"],
      "color1":["#f055f1","#ad44f3","#504666","#4788f5","#44a0f0","#45dbf7","#f6d54a","#f67746"],
      "color2":["#00FF99"],
      "data2":[123, 60, 25, 18, 12, 9],
      "value1":[23, 60, 75, 88, 92, 129],
      "color3":["rgba(255,37,117,0.7)","rgba(0,255,252,0.7)","rgba(0,255,252,0.3)"],
      "data3":[100,33,40,100],
      "data4":[14,22,26,16],
      "data5":[24,16,8,8],
      "num1":[10,10],
      "ver":["这是一条待处理报警信息","!!!!!!!!","!!!!!!!!!","收到  一条报警信息"],
      "add":["海南1号楼","海南2号楼","海南3号楼","海南4号楼","海南5号楼"],
      "number":[84,84,56,84,100],
      "adder":["海南三路","海南三路","海南三路","海南三路","海南三路"],
      "ting":["连接错误","链接成功","链接成功","链接成功","链接成功"]
    }
    },
   {"青海":  {
      "color":["#4202da","#56d85c"],
      "num" :["15","44"],
      "value":["1180","1140","1000","1440","1182","1200","1400","1560"],
      "data":["我不知道","我真不知道","欠费","电磁干扰","光干扰","信号异常","数据包异常"],
      "data1":["我不知道","我真不知道","欠费","电磁干扰","光干扰","信号异常","数据包异常"],
      "color1":["#3545f1","#a566f3","#504226","#4787f5","#44aff0","#45dbf7","#f6d54a","#f69846"],
      "color2":["#00CC33"],
      "data2":[123, 60, 25, 18, 12, 9],
      "value1":[143, 160, 125, 118, 112, 119],
      "color3":["rgba(255,37,117,0.7)","rgba(0,255,252,0.7)","rgba(0,255,252,0.3)"],
      "data3":[100,33,40,100],
      "data4":[24,22,6,6],
      "data5":[4,26,28,28],
      "num1":[10,10],
      "ver":["这是一条待处理报警信息","!!!!!!!!","!!!!!!!!!","收到  一条报警信息"],
      "add":["青海1号楼","青海2号楼","青海3号楼","青海4号楼","青海5号楼"],
      "number":[84,84,56,84,100],
      "adder":["青海三路","青海三路","青海三路","青海三路","青海三路"],
      "ting":["连接错误","链接成功","链接成功","链接成功","链接成功"]
    }
    },
    {"西藏":  {
      "color":["#12a289","#44485c"],
      "num" :["15","41"],
      "value":["1180","1040","1200","1640","1088","1200","1100","1200"],
      "data":["我不知道","我真不知道","欠费","电磁干扰","光干扰","信号异常","数据包异常"],
      "data1":["我不知道","我真不知道","欠费","电磁干扰","光干扰","信号异常","数据包异常"],
      "color1":["#f845f1","#ad46f3","#5045f6","#4777f5","#44aff0","#45dbf7","#f6d54a","#f69846"],
      "color2":["#CCFFCC"],
      "data2":[133, 90, 45, 38, 22, 19],
      "value1":[123, 60, 25, 18, 12, 9],
      "color3":["rgba(255,37,117,0.7)","rgba(0,255,252,0.7)","rgba(0,255,252,0.3)"],
      "data3":[100,33,40,100],
      "data4":[4,12,6,16],
      "data5":[4,26,28,28],
      "num1":[10,10],
      "ver":["这是一条待处理报警信息","!!!!!!!!","!!!!!!!!!","收到  一条报警信息"],
      "add":["西藏1号楼","西藏2号楼","西藏3号楼","西藏4号楼","西藏5号楼"],
      "number":[84,84,56,84,100],
      "adder":["西藏三路","西藏三路","西藏三路","西藏三路","西藏三路"],
      "ting":["连接错误","链接成功","链接成功","链接成功","链接成功"]
    }
    },
    {"广西":  {
      "color":["#4562da","#32185c"],
      "num" :["15","13"],
      "value":["1180","1140","1100","1140","1182","1200","1100","1100"],
      "data":["我不知道","我真不知道","欠费","电磁干扰","光干扰","信号异常","数据包异常"],
      "data1":["我不知道","我真不知道","欠费","电磁干扰","光干扰","信号异常","数据包异常"],
      "color1":["#f845f1","#ad46f3","#5045f6","#4777f5","#44aff0","#45dbf7","#f6d54a","#f69846"],
      "color2":["#CCFF66"],
      "data2":[153, 150, 45, 68, 72, 69],
      "value1":[123, 60, 25, 18, 12, 9],
      "color3":["rgba(255,37,117,0.7)","rgba(0,255,252,0.7)","rgba(0,255,252,0.3)"],
      "data3":[100,33,40,100],
      "data4":[14,22,16,6],
      "data5":[4,26,28,28],
      "num1":[10,10],
      "ver":["这是一条待处理报警信息","!!!!!!!!","!!!!!!!!!","收到  一条报警信息"],
      "add":["广西1号楼","广西2号楼","广西3号楼","广西4号楼","广西5号楼"],
      "number":[84,84,56,84,100],
      "adder":["广西三路","广西三路","广西三路","广西三路","广西三路"],
      "ting":["连接错误","链接成功","链接成功","链接成功","链接成功"]
    }
    }

]
